{"cameraMode":{"drawMode":0,"name":"Shaded","section":"Shading Mode"},"sceneLighting":false,"audioPlay":false,"sceneViewState":{"m_AlwaysRefresh":false,"showFog":true,"showSkybox":false,"showFlares":true,"showImageEffects":true,"showParticleSystems":true,"showVisualEffectGraphs":true,"m_FxEnabled":true},"in2DMode":false,"pivot":{"x":0.3339068591594696,"y":0.10435780882835388,"z":0.3460027277469635},"rotation":{"x":-0.06491176038980484,"y":0.8780677914619446,"z":-0.12464955449104309,"w":-0.4574853479862213},"size":0.7357328534126282,"orthographic":false}